region,mean,urban
addis_ababa,0.05931785,1
afar,0.00817301,0.273257977
amhara,0.23682465,0.193094381
benishangul_gumuz,0.01022876,0.166068737
dire_dawa,0.00576381,0.713509097
gambela,0.00278749,0.46529166
harari,0.00245383,0.573914519
oromia,0.36350734,0.152365328
snnpr,0.20965586,0.12941245
somali,0.02929639,0.188826335
tigray,0.071991,0.247203553