"Estimate","Std. Error","t value","Pr(>|t|)","rhs"
-0.294518846588163,0.467063605727579,-0.630575456910989,0.528930882415037,"(Intercept)"
0.788520730441646,0.590320014703676,1.3357513057345,0.182922764882957,"ns(age, knots = c(25, 40))1"
1.40889271988455,1.23242792107314,1.14318468106253,0.254125174185134,"ns(age, knots = c(25, 40))2"
-0.523011424929039,0.705448188179673,-0.74138885561335,0.459197936265095,"ns(age, knots = c(25, 40))3"
-0.0245717948412549,0.0274259552707185,-0.895932141604894,0.371205817718343,"edu_attainment"
-0.159507966328012,0.0851998271100618,-1.87216302824134,0.0624260726445852,"parity"
-0.0554568802926647,0.245523889166862,-0.225871626915193,0.821497586037876,"urban"
-0.0254168728908361,0.085259381282872,-0.298112330964595,0.765880834216739,"wealthquintile"
