"Estimate","Std. Error","t value","Pr(>|t|)","rhs"
-2.14526863096758,1.10071773108705,-1.94897253889874,0.0537130464788735,"(Intercept)"
-1.55765178793049,1.4699105604155,-1.05969154170182,0.291486480197537,"ns(age, knots = c(24, 40))1"
5.06214636177109,1.92408442700759,2.63093775445391,0.00967159386090717,"ns(age, knots = c(24, 40))2"
0.29789608175355,1.34717006566105,0.22112730185062,0.825382079610627,"ns(age, knots = c(24, 40))3"
0.0524992764496498,0.0684378153791622,0.767109180192135,0.444575108005385,"edu_attainment"
-0.154424324771717,0.203715592446817,-0.7580388075205,0.449965035846136,"parity"
0.32151311258001,0.599398467261748,0.536392950834173,0.59271417870332,"urban"
-0.356714526935665,0.195778139425173,-1.82203451306167,0.0710260497711999,"wealthquintile"
