"Estimate","Std. Error","t value","Pr(>|t|)","rhs"
-2.03738628400016,0.0942065153689727,-21.6268086768782,6.68700484460339e-62,"(Intercept)"
1.55056370360803,0.105282727261551,14.7276171879173,7.77125577184499e-37,"age_grp(18,20]"
2.66713069380223,0.108411894290295,24.6018272373365,2.93973375378088e-72,"age_grp(20,25]"
3.03312088289958,0.104702571048037,28.9689245692734,1.20550409907936e-86,"age_grp(25,35]"
2.40753009361329,0.11164284620135,21.5645710901285,1.11208971786353e-61,"age_grp(35,50]"
