"Estimate","Std. Error","t value","Pr(>|t|)","rhs"
-3.05948953800451,1.20422509723316,-2.54062927689683,0.0123863527735239,"(Intercept)"
-1.04743593152485,1.06392490589743,-0.984501749812246,0.326917866688189,"ns(age_0, 3)1"
6.37487402369071,1.84678618905842,3.45187443000152,0.000777578675238138,"ns(age_0, 3)2"
1.35096073230499,1.36073031983957,0.99282033523312,0.322863994758805,"ns(age_0, 3)3"
0.0397021002062971,0.0698183540366346,0.56864847007801,0.570693994766788,"yrs.edu_0"
-0.176684743093491,0.204176873052396,-0.865351400734547,0.388632078891576,"parity_0"
0.247292314346894,0.590560433391239,0.418741758446026,0.676179179190423,"urban_0"
-0.337625109654827,0.196747626240115,-1.7160314261824,0.0888257950468828,"wealthquintile_0"
