"Estimate","Std. Error","t value","Pr(>|t|)","rhs"
-2.90971598309906,0.141926362545068,-20.5015892109198,1.11903330090005e-57,"(Intercept)"
1.14149772827125,0.154154552823379,7.40489143761524,1.54740544999885e-12,"ns(age, knots = c(25, 40))1"
4.94953148554199,0.324269775958179,15.263622614586,1.0859589223965e-38,"ns(age, knots = c(25, 40))2"
-1.65301760511416,0.165554955302891,-9.98470629942717,2.78917390990728e-20,"ns(age, knots = c(25, 40))3"
0.0272940446372793,0.00962214125403324,2.83658739948748,0.00489273263169607,"edu_attainment"
0.228457533378511,0.0263861804562976,8.65822674702372,3.85683486778656e-16,"parity"
0.00352902955845321,0.101986109599247,0.0346030412604272,0.972420931154526,"urban"
0.0695501785701364,0.0306900168256946,2.26621506808387,0.0242015081905046,"wealthquintile"
