"Estimate","Std. Error","t value","Pr(>|t|)","rhs"
0.294429756085865,0.198386579494895,1.48412133943486,0.138905579226646,"(Intercept)"
-1.36393911429909,0.151454197388199,-9.00562109086431,3.45016778302835e-17,"fertility_intent"
-0.0299155637552494,0.328214410040863,-0.0911464056423509,0.927441664245271,"ns(age, knots = c(25, 40))1"
1.47277705097921,0.490781949467409,3.00087860317082,0.00293544132611345,"ns(age, knots = c(25, 40))2"
-2.93993006632966,0.436539248150589,-6.7346294262996,9.36000048639418e-11,"ns(age, knots = c(25, 40))3"
0.0535183802185979,0.0147261234600744,3.63424769347462,0.000331820758849358,"edu_attainment"
0.0552411213185958,0.0662845266885549,0.833393916775664,0.405335493100844,"parity"
0.0511690423040213,0.149968381076939,0.341198870965805,0.733210685601859,"urban"
0.0460710922308157,0.0465929078728898,0.988800534976319,0.323617491388124,"wealthquintile"
