"","inj.aft.coef","none.aft.coef","Condom.aft.coef","Implant.aft.coef","IUD.aft.coef","pill.aft.coef","Withdrawal.aft.coef","Other.trad.aft.coef","Other.mod.aft.coef"
"shape",0.279355914683982,2.11517824974575,2.96669981194057,0.028944436708871,0.038625428483578,2.35946187878322,0.764078589534351,0.345643205891865,1.78642266709178
"rate",-2.99980490296247,0.254967479272229,0.612927808475126,-4.9123594925561,-4.73244159601119,0.264891462448135,2.50178733351139,-2.92818005064651,0.42215555210287
"age_grp_fact(0,18]",0.500883319841989,-0.162425317334029,-0.944358020278272,0.732132931040802,2.89451947731576,-0.627132100382602,-0.575544299702661,0.450960888136593,-0.397191956494705
"age_grp_fact(18,20]",0.207710693949518,0.0916533525560237,-0.295970986986498,0.682692281727175,0.608736207709551,-0.571646219557213,0.300416983650107,0.197750574262128,-1.78642266706249
"age_grp_fact(25,35]",-0.45504852849522,0.128964912019441,0.63769812541032,-0.482357067505444,-0.79054947082533,0.509506376666395,0.55392134356392,-0.318908928574026,1.16208582810923
"age_grp_fact(35,50]",-0.716333163779548,1.02158311122685,1.04143926245061,-1.49862194407613,-2.16093698381917,1.09898567733413,1.35530726495995,-0.97288324094673,2.28202838300466
