"","method_recode","Freq","perc"
"1","BTL",504.01805,3.36300640848619
"2","Condoms",1237.109079,8.25447771299747
"3","Implants",4252.617601,28.3751350670956
"4","Injectables",4371.036146,29.1652701142802
"5","IUDs",902.366329,6.02094259764934
"6","Other modern",523.856781,3.49537821439519
"7","Other traditional",1138.399733,7.59585018333761
"8","Pill",1710.299538,11.4117903252175
"9","Withdrawal",347.423997,2.31814937654095
