"","method","Freq","perc"
"1","BTL/vasectomy",0.0388457269700333,3.88457269700333
"2","condoms",0.0841657417684055,8.41657417684055
"3","implant",0.339622641509434,33.9622641509434
"4","injectables",0.340732519422863,34.0732519422863
"5","IUD",0.0308916019237884,3.08916019237884
"6","other modern",0.0312615612282649,3.12615612282649
"7","other traditional",0.0445800961894192,4.45800961894192
"8","pill",0.0795412504624491,7.95412504624491
"9","withdrawal",0.0103588605253422,1.03588605253422
