"mean","urban.se"
0.408741205152983,0.0078169534607058
