"","Var1","Freq","perc","use"
"1","0. No",0.511078954508456,51.1078954508456,"No current method"
"2","1. Yes",0.488921045491544,48.8921045491544,"Any current method"
