"parameter","value"
"mean",15.941935483871
"sd",4.76629515009672
