"method","Freq","perc"
"Condoms",170.695043,17.7880309631856
"Implants",82.596637,8.60734741085013
"Injectables",57.720732,6.01504384655
"IUDs",31.879804,3.3221757977605
"Other modern",137.775998,14.3575564664042
"Other traditional",161.473473,16.827056527102
"Pill",98.933287,10.3097801876164
"Withdrawal",218.531198,22.7730088005311
