"age","probs"
0,0
5,0
10,0
15,47.3540880925667
20,43.4443629128461
25,65.1625535645866
30,64.6651141990403
35,69.0504364539495
40,71.9207926853021
45,57.2547669070149
50,0
