"mean","urban.se"
0.977071906127304,0.0054806480589562
