"use","Freq","perc"
"0",1931.760959,66.811334274658
"1",959.606171999999,33.188665725342
