quintile,percent
2,0.004075983597393944
3,0.016262260332100306
4,0.24331955027678567
5,0.73634220579372
