"parameter","value"
"mean",21.3528543865623
"sd",7.18424603655489
