mean,urban.se
0.2216435,0.009072937