"use","Freq","perc"
"0",0.729298587433025,72.9298587433025
"1",0.268631271310278,26.8631271310278
