quintile,percent
1,0.16787405533886088
2,0.17912505819352026
3,0.18989910301587307
4,0.1976425819477389
5,0.26545920150400687
