"parameter","value"
"mean",19.0768077129087
"sd",4.89311433647038
