"month","rate"
0,0.867174910753933
1,0.825382582144474
2,0.768222935105267
3,0.616187634038425
4,0.724949779620402
5,0.413860794416143
6,0.370171596120067
7,0.217052059151811
8,0.162018865551371
9,0.0909794905761747
10,0.105739186215581
11,0.0836054131550813
