"method","Freq","perc"
"BTL",17.877729,0.545056703794704
"Condoms",692.408125999998,21.1101583897053
"Implants",739.402316999999,22.542918604605
"Injectables",603.599389000002,18.4025551221208
"IUDs",26.79394,0.8168943951479
"Other modern",157.46358,4.80075404893505
"Other traditional",383.576912,11.6945036646697
"Pill",591.854338,18.0444716774081
"Withdrawal",66.999656,2.04268739361353
