"age","probs"
0,0
5,0
10,0
15,47.5793839796121
20,60.4983962331546
25,65.089595068998
30,69.6641859435421
35,70.0294509565746
40,63.5419167777358
45,56.1998322816182
50,0
