"mean","urban.se"
0.607691803058913,0.0107698303841503
