"use","Freq","perc"
"0",11597.0239470001,77.9527055081589
"1",3279.97598700002,22.0472944918411
