quintile,percent
1,0.1703439155234723
2,0.17458928839973814
3,0.19209331368408547
4,0.22083691500808242
5,0.24213656738462166
