"parameter","value"
"mean",19.9540889526542
"sd",7.60881362619079
