"method","Freq","perc"
"BTL",280.530631,32.7141870458433
"Condoms",187.268333,21.8383684223249
"Implants",34.816481,4.06013727503451
"Injectables",72.958689,8.50810547874009
"IUDs",32.092361,3.74246297723092
"Other modern",5.998778,0.699549795467754
"Other traditional",31.738662,3.70121623279278
"Pill",64.541047,7.52647893089638
"Withdrawal",147.574817,17.2094938416693
