"age","probs"
0,0
5,0
10,0
15,83.1607462433816
20,80.9133027760248
25,81.4099103697284
30,80.9128184286049
35,81.8224230899946
40,72.2984036084246
45,58.5300004172182
50,0
