"mean","urban.se"
0.535749436521716,0.0302028925549052
