"use","Freq","perc"
"0",1992.95119900001,69.9165576635697
"1",857.519799000002,30.0834423364302
