quintile,percent
1,0.34062275696937366
2,0.13198082220936858
3,0.12950043843947237
4,0.20681532540188297
5,0.19108065697990248
