"parameter","value"
"mean",19.1263630532402
"sd",5.69298477398914
