"month","rate"
0,0.847048274700935
1,0.895915331397702
2,0.815705732293165
3,0.726942511644236
4,0.619495522922652
5,0.480160599862726
6,0.304428139450788
7,0.179666589076781
8,0.0741679350440541
9,0.108084192428493
10,0.0541130790638207
11,0.0271063420054984
