"method","Freq","perc"
"BTL",13.40302,0.960856943118898
"Condoms",11.095553,0.795435591217033
"Implants",31.034355,2.22484003433306
"Injectables",214.495725,15.3771095346849
"IUDs",6.755033,0.484265513223682
"Other modern",392.85826,28.1638456693051
"Other traditional",166.989754,11.9714261831003
"Pill",557.212964999999,39.9463662828316
"Withdrawal",1.058093,0.0758542481855212
