"age","probs"
0,0
5,0
10,0
15,60.5502250627131
20,64.3235471227839
25,66.8474619876012
30,68.0074869126093
35,70.5989090048294
40,73.0287977128115
45,68.4511937847136
50,0
