"mean","urban.se"
0.187695039492121,0.0152507411171327
