"use","Freq","perc"
"0",9765.09733399996,87.5008714471254
"1",1394.902758,12.4991285528746
