quintile,percent
1,0.18092464456585405
2,0.18833551601013737
3,0.19725329810507997
4,0.20553872644179477
5,0.22794781487713373
