"month","rate"
0,0.941288512398466
1,0.913013497277859
2,0.90897347075045
3,0.730070562010416
4,0.836150951292114
5,0.497399362581742
6,0.323009131852268
7,0.221223572883466
8,0.0856968078069507
9,0.179638881233249
10,0
11,0.0439612398102558
