"method","Freq","perc"
"BTL",4.200476,3.07455411427683
"Condoms",4.212727,3.08352127953477
"Implants",48.396701,35.4241462579421
"Injectables",31.857095,23.3179198026981
"IUDs",14.174628,10.3751719652115
"Other modern",1.890294,1.38360776133296
"Other traditional",10.524223,7.7032443761652
"Pill",17.158867,12.5594968596842
"Withdrawal",4.205645,3.07833758315434
