"age","probs"
0,0
5,0
10,0
15,85.199583225804
20,82.5888183205411
25,83.7410119688284
30,84.1944269161488
35,82.4048418807669
40,74.4024179381236
45,73.9849521139811
50,0
