"mean","urban.se"
0.443836393743248,0.0263395535391645
