"use","Freq","perc"
"0",2555.04012,94.9242988857226
"1",136.620656,5.07570111427741
