quintile,percent
1,0.26024749672987785
2,0.26288228751155285
3,0.17357076425294626
4,0.1415284884323773
5,0.16177096307324582
