"parameter","value"
"mean",20.2711300550993
"sd",6.32906543891257
