Estimate,Std. Error,t value,Pr(>|t|),rhs
-3.06929758553878,0.128379084412226,-23.9080812859144,8.7352549231378e-70,(Intercept)
0,0,0,0.00E+00,"age_grp(0,18]"
1.3493632811646,0.17412120934053,7.74956299852963,1.67787803465527e-13,"age_grp(18,20]"
2.75725987897169,0.154879041009114,17.8026662678616,4.87393990261546e-48,"age_grp(20,25]"
2.90541590765958,0.155514001838925,18.6826644115871,3.02487660869154e-51,"age_grp(25,35]"
1.91298024771033,0.154191309403138,12.4065374054823,1.69117092745927e-28,"age_grp(35,50]"
