Estimate,Std. Error,t value,Pr(>|t|),rhs
-17.6308410079572,0.337735542395789,-52.2030961944059,1.0898951354074e-64,(Intercept)
0,0,0,0.00E+00,"age_grp(0,18]"
15.7212021185326,0.871071097074464,18.0481273817178,2.70425867850456e-30,"age_grp(18,20]"
16.6868885016261,0.567537980643664,29.4022410318705,2.56138758168635e-45,"age_grp(20,25]"
15.9535663446756,0.644236831327487,24.7635117535927,8.11583845017704e-40,"age_grp(25,35]"
15.6677288119251,0.902971818596371,17.3512932400037,3.52130507793058e-29,"age_grp(35,50]"