Estimate,Std. Error,t value,Pr(>|t|),rhs
-2.037386284,0.094206515,-21.62680868,6.69E-62,(Intercept)
0,0,0,0.00E+00,"age_grp(0,18]"
1.550563704,0.105282727,14.72761719,7.77E-37,"age_grp(18,20]"
2.667130694,0.108411894,24.60182724,2.94E-72,"age_grp(20,25]"
3.033120883,0.104702571,28.96892457,1.21E-86,"age_grp(25,35]"
2.407530094,0.111642846,21.56457109,1.11E-61,"age_grp(35,50]"