Estimate,Std. Error,t value,Pr(>|t|),rhs
-1.59290647993214,0.441814748851489,-3.6053718986814,0.000401283267432169,(Intercept)
0,0,0,0,"age_grp(0,18]"
0.339762577373482,0.600247974799446,0.566037024093256,0.572058292333078,"age_grp(18,20]"
1.03349839759669,0.482943418504515,2.13999892740443,0.0336719852524087,"age_grp(20,25]"
0.987925794858066,0.485826965671083,2.03349312546582,0.0434389427113775,"age_grp(25,35]"
0.709484672886137,0.528620500494059,1.34214369708144,0.181203143124137,"age_grp(35,50]"