Estimate,Std. Error,t value,Pr(>|t|),rhs
-1.59290648,0.441814749,-3.605371899,0.000401283,(Intercept)
0,0,0,0,"age_grp(0,18]"
0.339762577,0.600247975,0.566037024,0.572058292,"age_grp(18,20]"
1.033498398,0.482943419,2.139998927,0.033671985,"age_grp(20,25]"
0.987925795,0.485826966,2.033493125,0.043438943,"age_grp(25,35]"
0.709484673,0.5286205,1.342143697,0.181203143,"age_grp(35,50]"
0.079104257,0.253512974,0.312032383,0.755369219,fp_ever_user