Estimate,Std. Error,t value,Pr(>|t|),rhs
-17.6073479,0.289722103,-60.77322961,2.84E-96,(Intercept)
0,0,0,0.00E+00,"age_grp(0,18]"
15.36551797,0.830330084,18.50531286,5.44E-38,"age_grp(18,20]"
17.09992647,0.408561522,41.85398167,1.52E-76,"age_grp(20,25]"
15.97271031,0.442326277,36.11069729,5.61E-69,"age_grp(25,35]"
15.67187916,0.616857833,25.40598225,7.72E-52,"age_grp(35,50]"