Estimate,Std. Error,t value,Pr(>|t|),rhs
-17.63084101,0.337735542,-52.20309619,1.09E-64,(Intercept)
0,0,0,0,"age_grp(0,18]"
15.72120212,0.871071097,18.04812738,2.70E-30,"age_grp(18,20]"
16.6868885,0.567537981,29.40224103,2.56E-45,"age_grp(20,25]"
15.95356634,0.644236831,24.76351175,8.12E-40,"age_grp(25,35]"
15.66772881,0.902971819,17.35129324,3.52E-29,"age_grp(35,50]"
0.097148351,0.582635695,0.166739443,0.867985548,fp_ever_user