Estimate,Std. Error,t value,Pr(>|t|),rhs
-3.069297586,0.128379084,-23.90808129,8.74E-70,(Intercept)
0,0,0,0,"age_grp(0,18]"
1.349363281,0.174121209,7.749562999,1.68E-13,"age_grp(18,20]"
2.757259879,0.154879041,17.80266627,4.87E-48,"age_grp(20,25]"
2.905415908,0.155514002,18.68266441,3.02E-51,"age_grp(25,35]"
1.912980248,0.154191309,12.40653741,1.69E-28,"age_grp(35,50]"
0.375454408,0.0998802,3.759047398,0.000207327,fp_ever_user