"use","Freq","perc"
"0",17168.873238,53.3924399033126
"1",14987.127254,46.6075600966874
