"wealth.quint","percent"
"1",0.156085165014495
"2",0.177193148955746
"3",0.188748779516594
"4",0.222016172091306
"5",0.255956734421859
