quintile,percent
1,0.15608516501449493
2,0.17719314895574606
3,0.18874877951659413
4,0.22201617209130622
5,0.2559567344218587
