"parameter","value"
"mean",20.030593881224
"sd",8.05196619201186
