"month","rate"
0,0.790668685055356
1,0.36844040116241
2,0.686819616420556
3,0.438301800511555
4,0.536753965067951
5,0.287078440801078
6,0.269439765836291
7,0.285301748926049
8,0.297261355349102
9,0.106124812854336
10,0
11,0
