"method","Freq","perc"
"BTL",5.681707,1.7386434389061
"Condoms",25.265953,7.73156437161578
"Implants",138.955448,42.5213721801315
"Injectables",81.274095,24.8704609415412
"IUDs",9.673726,2.96023012796601
"Other modern",26.913243,8.23564702678889
"Other traditional",18.529438,5.67014205507561
"Pill",16.250027,4.97262580164677
"Withdrawal",4.246024,1.29931405632812
