"age","probs"
0,0
5,0
10,0
15,77.3882047987755
20,83.0873735887963
25,82.7496596244312
30,87.4737264604429
35,83.1976674171343
40,82.8804550151822
45,76.3600303122421
50,0
