"mean","urban.se"
0.425336629581725,0.0507667446456031
