"use","Freq","perc"
"0",2166.13088299999,86.8912925529647
"1",326.789661,13.1087074470353
