quintile,percent
1,0.052313144642286744
2,0.3117398971541391
3,0.2766732608706832
4,0.18034184004863305
5,0.17893185728425778
