"","method","Freq","perc"
"1",BTL,0.0056684,0.5668399
"2",Condoms,0.0127539,1.2753897
"3",Implants,0.24279641,24.279641
"4",Injectables,0.56967407,56.9674067
"5",IUDs,0.04156826,4.1568257
"6",Other modern,0.00661313,0.6613132
"7",Other traditional,0.04534719,4.5347189
"8",Pill,0.07085498,7.0854983
"9",Withdrawal,0.00472367,0.4723666
