"","method","Freq","perc"
"1","BTL/vasectomy",0.00679963735267452,0.679963735267452
"2","condoms",0.0099728014505893,0.99728014505893
"3","implant",0.308250226654578,30.8250226654578
"4","injectables",0.504079782411605,50.4079782411605
"5","IUD",0.028558476881233,2.8558476881233
"6","other modern",0.0267452402538531,2.67452402538531
"7","other traditional",0.0312783318223028,3.12783318223028
"8","pill",0.0761559383499547,7.61559383499547
"9","withdrawal",0.00815956482320943,0.815956482320943
