"","Var1","Freq","perc","use"
"2","0",0.729298587433025,72.9298587433025,"No current method"
"3","1",0.268631271310278,26.8631271310278,"Any current method"
