"parameter","value"
"mean",20.2700526478786
"sd",4.26644033591331
