"Estimate","Std. Error","t value","Pr(>|t|)","rhs"
-3.03573521450109,1.04662423278992,-2.90050155480245,0.00462888096718098,"(Intercept)"
-15.552427798362,1.08011358803125,-14.3988817201252,1.2911595067343e-25,"age_grp(18,20]"
-0.14552754088653,1.21366677230796,-0.119907328936582,0.904809776910487,"age_grp(20,25]"
0.419797824761175,1.29337189413034,0.324576269722829,0.746215412364918,"age_grp(25,35]"
1.98757041754206,1.39913072985462,1.42057520082385,0.158714141548458,"age_grp(35,50]"
-0.355463466650475,1.24745595347006,-0.284950715623809,0.776302174974377,"prior_userTRUE"
17.9352169557889,1.9038881472875,9.42031021167998,2.86581024871597e-15,"age_grp(18,20]:prior_userTRUE"
-15.0045683564005,1.42716669919624,-10.5135359204015,1.32651924968797e-17,"age_grp(20,25]:prior_userTRUE"
2.1975374337795,1.56442086331484,1.4046970897097,0.163372670106785,"age_grp(25,35]:prior_userTRUE"
