"Estimate","Std. Error","t value","Pr(>|t|)","rhs"
-3.03573521450111,1.04662423278994,-2.90050155480242,0.00462888096718137,"(Intercept)"
-15.5524278003423,1.08011358800714,-14.3988817222801,1.29115949408665e-25,"age_grp(18,20]"
-0.0177112757947462,1.21040775388125,-0.0146324870589716,0.988356067198925,"age_grp(20,25]"
0.484147594302933,1.29443061851774,0.37402359568513,0.709220241737659,"age_grp(25,35]"
2.09637636998597,1.40357144152112,1.49360147119695,0.138593807544786,"age_grp(35,50]"
-0.678789323388623,1.20995528350448,-0.561003644219478,0.576115921159048,"prior_userTRUE"
18.2585428145073,1.87738545847735,9.72551626628445,6.3774490923807e-16,"age_grp(18,20]:prior_userTRUE"
-14.9551095756301,1.40059823916741,-10.6776584158211,5.93731046775218e-18,"age_grp(20,25]:prior_userTRUE"
2.117399506862,1.56063411882219,1.35675587334974,0.178074054499646,"age_grp(25,35]:prior_userTRUE"
