"mean","urban.se"
0.479966187294655,0.0167087058713242