"use","Freq","perc"
"0",0.8010054235699272,80.10054235699272
"1",0.19899457643,19.899457643