quintile,percent
1,0.1648736334789663
2,0.17778138339722013
3,0.1971886594632054
4,0.21332654211629265
5,0.24682978154431556
