"","method","Freq","perc"
"1",BTL,0.012367143,1.236714287
"2",Condoms,0.054021648,5.402164823
"3",Implants,0.295584683,29.55846828
"4",Injectables,0.356888197,35.68881974
"5",IUDs,0.074702586,7.470258612
"6",Other modern,0.001158283,0.115828276
"7",Other traditional,0.051033294,5.103329438
"8",Pill,0.148041331,14.80413312
"9",Withdrawal,0.006225833,0.622583257