"","Var1","Freq","perc","use"
"1","0. No",0.8010054235699272,80.10054235699272,"No current method"
"2","1. Yes",0.19899457643,19.899457643,"Any current method"