"wealth.quint","percent"
"1",0.160223761254908
"2",0.176219789706049
"3",0.20272310597552
"4",0.21938910501948
"5",0.241444238044043
